[{"id":"8a1a8aeb-c3c7-4773-a935-b579d573d3a9","username":"aaa","password":"$2a$10$Q0toDbf1rGrASxYBeE5Yau6x39591Tt5m0MLsV6MJZTMIvYw4v70G","token":"eyJhbGciOiJIUzI1NiIsInR5cCI6IkpXVCJ9.eyJ1c2VybmFtZSI6ImFhYSIsImlhdCI6MTcxMzQ0Mjc4Nn0.BFS8UF8eYhzrIN0cZqbO4m0wEoRBCT7C1ViObZCzfbo"},{"id":"80ba6790-a976-4e90-8dd0-5179fb6ef0a6","username":"armine","password":"$2a$10$aPWsklSgfkKXFHubp4fPYeizscDhOewAad9IJBmO5iFt6nBtvX/B.","token":"eyJhbGciOiJIUzI1NiIsInR5cCI6IkpXVCJ9.eyJ1c2VybmFtZSI6ImFybWluZSIsImlhdCI6MTcxMzQ0NjM5OX0.E3dSBPNwSzsMQC0zaWvuLsUZH8NeB9ZsHC6f53tqiw0"}]